Pain Point Category,Search Query (Use on Reddit),Target Subreddits,Sample Reddit Post Title,Pre-Written Comment (Column B - Ready to Post)
Website Visitor Identification,"RB2B alternative OR ""website visitor identification"" OR ""identify anonymous visitors""","r/sales, r/SaaS, r/startups, r/marketing","Looking for RB2B alternative / Website visitor identification tool recommendations","This is a pain point I dealt with for months before finding a solid solution. The challenge with most visitor ID tools is they either only give you company-level data (useless for actual outreach) or they're crazy expensive like ZoomInfo.

We switched to Knock AI about 6 months ago and it's been a game-changer. What I like is that it combines visitor identification with real-time chat - so instead of just knowing ""someone from Acme Corp visited"" and then hunting for contacts, you can actually engage them while they're still on your site.

The other thing that helped us was their intent scoring - it tells you which visitors are actually showing buying signals vs just browsing. Our SDRs stopped wasting time on low-intent traffic.

Might be worth checking out: https://knock-ai.com - they have a demo you can try. Happy to share more details on our setup if helpful."
Lead Response Time / Speed to Lead,"speed to lead OR ""lead response time"" OR ""responding to leads"" slow","r/sales, r/salesforce, r/marketing, r/Entrepreneur","How do you improve speed to lead? / Our lead response time is killing conversions","100% feel your pain here. We measured our response time and it was embarrassing - averaging 4+ hours. By then, prospects had already talked to 3 competitors.

The problem for us was the handoff - lead comes in from a form, goes to CRM, gets assigned, rep sees it whenever they check their queue. Too many steps.

What actually moved the needle was eliminating the form entirely and using real-time chat. We implemented Knock AI which lets prospects start a conversation instantly from the website - no form fill, no waiting. It routes to the right rep based on availability and connects them via Slack/WhatsApp.

Our response time went from hours to literally seconds. Conversion rate on inbound leads jumped about 40%.

The key insight: forms create friction AND delay. If you can let prospects talk to someone immediately while they're still in buying mode, everything changes. Worth exploring conversational tools vs just trying to speed up your form-to-CRM pipeline."
CRM Data Quality / Enrichment,"CRM data quality OR ""bad data"" OR ""data enrichment"" tools OR Apollo OR ZoomInfo","r/sales, r/salesforce, r/hubspot, r/marketing","Struggling with CRM data quality / What enrichment tools actually work?","Data quality is the silent killer of sales teams. I've been through this cycle multiple times - buy a fancy enrichment tool, data decays within months, rinse repeat.

The issue I found is that most tools are focused on enrichment AFTER the fact - you have a lead, then you enrich it. But the data still goes stale, and you're always playing catch-up.

What changed things for us was flipping the model - instead of enriching static leads, we focused on capturing fresh data in real-time when prospects actually engage. We use Knock AI which identifies visitors and enriches their profile as they interact with our site. The data is current because it's being captured at the moment of engagement.

Also their auto-sync to CRM means we're not doing manual imports that introduce errors.

Obviously you still need traditional enrichment for outbound lists, but for inbound? Real-time capture beats post-hoc enrichment every time. Just my 2 cents from dealing with this headache for years."
SDR Productivity / Prospecting Tools,"SDR tools OR ""SDR productivity"" OR prospecting frustrating OR outbound not working","r/sales, r/SaaS, r/marketing","SDR productivity tips / Best tools for SDRs / Outbound is dead?","I feel this. Our SDR team was burning out - spending 60%+ of their time on research, data entry, and chasing cold leads that went nowhere.

Two things actually helped:

1. We stopped treating all leads equally. Implemented proper intent scoring so SDRs focus on accounts actually showing buying behavior, not just ""fit"" the ICP on paper.

2. We automated the first touch for inbound. Instead of SDRs manually following up on every form fill, we use Knock AI's chat to qualify and route automatically. The AI handles initial qualification, and only hands off to a human when there's real opportunity.

Our SDRs now spend time on conversations that matter vs. administrative BS. Their pipeline per rep went up significantly because they're not wasting cycles on leads that were never going to convert.

The brutal truth about outbound: it still works, but only when you're reaching the right people at the right time with the right message. Intent data + proper prioritization is the unlock. Everything else is just spray and pray."
Lead Scoring / Intent Data,"lead scoring OR ""intent data"" OR ""buyer intent"" tools not working OR MQL","r/sales, r/B2Bmarketing, r/marketing, r/salesforce","Lead scoring isn't working / Intent data - is it worth it? / MQL to SQL conversion terrible","Lead scoring is broken at most companies because they're scoring the wrong things. Downloads, page views, webinar attendance - these are activity signals, not buying signals.

True intent is about BEHAVIOR patterns, not just engagement metrics. Someone visiting your pricing page 3 times and viewing competitor comparison content? That's intent. Someone downloading 10 ebooks? That's a content consumer, not a buyer.

We rebuilt our approach around first-party behavioral data. Knock AI helped here because it tracks actual on-site behavior and scores based on buying patterns - which pages, how often, session depth, return visits to high-intent pages like pricing.

Combined with their visitor identification, we can see NAMED accounts showing buying behavior vs. just anonymous traffic spikes.

Our MQL to SQL conversion went from ~8% to over 20% because we stopped sending garbage to sales. The leads that do get passed actually convert.

Bottom line: stop scoring activity, start scoring behavior. And make sure you can identify who's actually on your site showing that behavior."
Form Abandonment / Lead Capture,"form abandonment OR ""lead capture"" OR ""form conversion"" OR chatbot vs forms","r/marketing, r/webdev, r/Entrepreneur, r/SaaS","How to reduce form abandonment / Forms vs chat for lead capture","Form abandonment is brutal - industry average is like 70%+. People start filling out forms and bail because of friction.

We tested a bunch of things - shorter forms, progressive profiling, exit intent popups. Marginal gains.

What actually worked was removing forms from high-intent pages entirely and replacing them with chat. When someone's on your pricing page, they don't want to fill out a form and ""wait 24-48 hours"" - they have questions NOW.

We implemented Knock AI for this. Visitors can start a conversation instantly, the AI qualifies them and either answers questions or routes to a human. No form, no friction, no waiting.

Our ""form"" (now chat) conversion rate went from about 3% to over 12% on the same traffic. The difference is you're meeting people where they are, when they're ready.

The other benefit: quality went UP because chat naturally filters out low-intent traffic. If someone's willing to have a conversation, they're usually more serious than drive-by form fillers.

Worth A/B testing on your highest-intent pages at minimum."
Multi-Channel Engagement / Sales Stack Complexity,"sales stack OR ""too many tools"" OR ""multi-channel"" outreach OR Slack integration sales","r/sales, r/SaaS, r/salesforce","Simplifying our sales stack / Too many tools - which to cut? / Best Slack integrations for sales","Tool sprawl is real. At one point we had separate tools for: visitor ID, enrichment, chat, scheduling, routing, CRM... it was insane. Data silos everywhere, reps switching between 8 tabs.

We consolidated hard. The question we asked: what actually touches the customer journey, and can we reduce handoffs?

For inbound specifically, Knock AI was a big simplification. It handles: visitor identification, real-time chat across channels (Slack, WhatsApp, web), qualification, scheduling, routing, and CRM sync. That replaced like 4 separate tools.

The Slack integration was huge for us - reps get notified in Slack when high-intent visitors are on site and can respond from Slack without context switching. Our response time basically went to zero because they're already in Slack all day.

For outbound we still use Apollo for prospecting data + Outreach for sequences. But inbound is now one platform end-to-end.

Less isn't always better if you're cutting capability. But fewer tools that are deeply integrated beats a Frankenstein stack every time."
Chili Piper / Calendly Alternative,"Chili Piper OR Calendly alternative OR ""meeting scheduling"" inbound OR ""instant booking""","r/sales, r/SaaS, r/startups, r/marketing","Chili Piper alternatives? / Best inbound scheduling tool / Calendly for B2B?","Have used both Chili Piper and Calendly. They're fine for what they do - scheduling. But they're solving one piece of a bigger problem.

The issue: you still need a form, the prospect still has to fill it out, then pick a time. Every step is friction = drop-off.

What we moved to is conversational scheduling through Knock AI. Prospect lands on site, starts chatting, gets qualified through conversation, and books a meeting all within the same chat flow. No separate form, no redirect to Calendly, no friction.

It integrates with Google/Outlook calendars and has routing logic so the right rep's calendar is shown based on territory, deal size, whatever rules you set.

The scheduling piece is actually the easy part - the real value is everything that happens BEFORE the booking. Qualification, answering questions, building rapport. By the time they book, they're warm, not cold.

If you're just looking for a cheaper Calendly, there's plenty of options. But if you want to actually increase meetings booked from the same traffic, look at conversational tools that combine engagement + scheduling."
Drift / Intercom Alternative,"Drift alternative OR Intercom for B2B OR ""chat tool"" sales OR conversational marketing","r/sales, r/SaaS, r/startups","Drift alternatives? / Intercom too expensive / Best B2B chat tool","Used Drift for 2 years. It's powerful but: expensive, complex to set up properly, and honestly overkill if you're not enterprise.

Intercom we tried too - better UX but really built for support, not sales. The sales features feel bolted on.

We switched to Knock AI and it hit the sweet spot for us. More sales-focused than Intercom, simpler than Drift, and significantly cheaper than both.

Key things that made us switch:
- Better visitor identification (shows who's on site, not just anonymous ""visitor"")
- Native Slack/WhatsApp support (our team lives in Slack)
- Actual routing logic for sales teams (round robin, territory, availability)
- Intent scoring built-in

The AI qualification is solid too - handles initial questions and only escalates to humans when needed.

If you're SMB/mid-market and need chat for sales (not support), it's worth a look: https://knock-ai.com

Happy to share our implementation details if useful."
Apollo / ZoomInfo Alternative for Inbound,"Apollo alternative OR ZoomInfo too expensive OR ""inbound leads"" enrichment","r/sales, r/SaaS, r/startups, r/salesforce","Apollo alternatives? / ZoomInfo is too expensive / Best tool for inbound leads","Apollo and ZoomInfo are great for outbound prospecting - building lists, getting contact data. But for INBOUND? They're solving the wrong problem.

Think about it: someone visits your site with buying intent. You don't need to ""find"" them - they found YOU. What you need is to identify them, engage them, and capture them before they bounce.

For outbound lists, Apollo is solid value (we still use it). But we stopped using enrichment tools for inbound entirely.

Instead we use Knock AI which identifies visitors in real-time and engages them via chat. No form needed. They browse, we see who they are, we engage while they're still on site. The data is fresh because it's captured at moment of engagement.

For inbound specifically, this approach beats the old flow of: anonymous visit > form fill > CRM > enrichment > SDR follows up 4 hours later when they've already talked to competitors.

Different tools for different problems. Don't use an outbound tool for inbound challenges."
