from,to
https://thetutorbridge.com/blog/how-to-improve-concentration/,https://www.thetutorbridge.com/blog/how-to-improve-concentration/
https://thetutorbridge.com/blog/how-to-learn-computer/,https://www.thetutorbridge.com/blog/how-to-learn-computer/
https://thetutorbridge.com/blog/how-to-study-korean/,https://www.thetutorbridge.com/blog/how-to-study-korean/
https://thetutorbridge.com/blog/discrete-mathematics-for-computer-science/,https://www.thetutorbridge.com/blog/discrete-mathematics-for-computer-science/
https://thetutorbridge.com/blog/how-to-study-effectively/,https://www.thetutorbridge.com/blog/how-to-study-effectively/
https://thetutorbridge.com/blog/how-students-can-make-presentation-with-ai/,https://www.thetutorbridge.com/blog/how-students-can-make-presentation-with-ai/
https://thetutorbridge.com/blog/how-to-pass-the-teas-test-without-studying/,https://www.thetutorbridge.com/blog/how-to-pass-the-teas-test-without-studying/
https://thetutorbridge.com/blog/the-tutor-bridge-k-12-one-stop-solution/,https://www.thetutorbridge.com/blog/the-tutor-bridge-k-12-one-stop-solution/
https://thetutorbridge.com/blog/how-to-pass-exams-without-studying/,https://www.thetutorbridge.com/blog/how-to-pass-exams-without-studying/
https://thetutorbridge.com/blog/how-to-calculate-percentage/,https://www.thetutorbridge.com/blog/how-to-calculate-percentage/
https://thetutorbridge.com/blog/how-to-score-100-marks-in-maths/,https://www.thetutorbridge.com/blog/how-to-score-100-marks-in-maths/
https://thetutorbridge.com/blog/how-to-top-board-exams/,https://www.thetutorbridge.com/blog/how-to-top-board-exams/
https://thetutorbridge.com/blog/score-more-than-95-in-class-10-board-exam/,https://www.thetutorbridge.com/blog/score-more-than-95-in-class-10-board-exam/
https://thetutorbridge.com/blog/cbse-class-10-and-class-12-date-sheet-2025/,https://www.thetutorbridge.com/blog/cbse-class-10-and-class-12-date-sheet-2025/
https://thetutorbridge.com/blog/top-10-study-tips-for-class-12-board-exams/,https://www.thetutorbridge.com/blog/top-10-study-tips-for-class-12-board-exams/
https://thetutorbridge.com/blog/why-online-tutoring-is-the-future-of-education/,https://www.thetutorbridge.com/blog/why-online-tutoring-is-the-future-of-education/
https://thetutorbridge.com/blog/how-to-learn-the-russian-language/,https://www.thetutorbridge.com/blog/how-to-learn-the-russian-language/
https://thetutorbridge.com/blog/high-salary-courses-after-12th-science/,https://www.thetutorbridge.com/blog/high-salary-courses-after-12th-science/
https://thetutorbridge.com/blog/data-science-course/,https://www.thetutorbridge.com/blog/data-science-course/
https://thetutorbridge.com/blog/digital-marketing-courses/,https://www.thetutorbridge.com/blog/digital-marketing-courses/
https://thetutorbridge.com/blog/best-courses-after-12th-commerce/,https://www.thetutorbridge.com/blog/best-courses-after-12th-commerce/
https://thetutorbridge.com/blog/studying-101-study-smarter-not-harder/,https://www.thetutorbridge.com/blog/studying-101-study-smarter-not-harder/
https://thetutorbridge.com/blog/which-stream-is-best-after-10th/,https://www.thetutorbridge.com/blog/which-stream-is-best-after-10th/
https://thetutorbridge.com/blog/average-cost-of-college/,https://www.thetutorbridge.com/blog/average-cost-of-college/
https://thetutorbridge.com/blog/high-salary-courses-after-12th-science-without-neet/,https://www.thetutorbridge.com/blog/high-salary-courses-after-12th-science-without-neet/
https://thetutorbridge.com/blog/what-is-a-community-college/,https://www.thetutorbridge.com/blog/what-is-a-community-college/
https://thetutorbridge.com/blog/5-proven-strategies-on-how-to-focus/,https://www.thetutorbridge.com/blog/5-proven-strategies-on-how-to-focus/
https://thetutorbridge.com/blog/what-is-the-meaning-of-esl/,https://www.thetutorbridge.com/blog/what-is-the-meaning-of-esl/
https://thetutorbridge.com/blog/what-was-the-primary-finding-of-the-minnesota-study-of-twins-reared-apart/,https://www.thetutorbridge.com/blog/what-was-the-primary-finding-of-the-minnesota-study-of-twins-reared-apart/
https://thetutorbridge.com/blog/how-has-the-study-of-mitosis-affected-scientists-knowledge-of-cancer/,https://www.thetutorbridge.com/blog/how-has-the-study-of-mitosis-affected-scientists-knowledge-of-cancer/
https://thetutorbridge.com/blog/what-is-the-primary-function-of-dynamic-study-modules/,https://www.thetutorbridge.com/blog/what-is-the-primary-function-of-dynamic-study-modules/
https://thetutorbridge.com/blog/what-is-work-study/,https://www.thetutorbridge.com/blog/what-is-work-study/
https://thetutorbridge.com/blog/what-is-post-secondary-education/,https://www.thetutorbridge.com/blog/what-is-post-secondary-education/
https://thetutorbridge.com/blog/where-is-sex-education-filmed/,https://www.thetutorbridge.com/blog/where-is-sex-education-filmed/
https://thetutorbridge.com/blog/what-will-you-do-to-maximize-on-your-postsecondary-education-investment/,https://www.thetutorbridge.com/blog/what-will-you-do-to-maximize-on-your-postsecondary-education-investment/
https://thetutorbridge.com/blog/where-does-florida-rank-in-education-k-12/,https://www.thetutorbridge.com/blog/where-does-florida-rank-in-education-k-12/
https://thetutorbridge.com/blog/how-can-a-mentor-help-you-along-the-journey-to-your-dream-job/,https://www.thetutorbridge.com/blog/how-can-a-mentor-help-you-along-the-journey-to-your-dream-job/
https://thetutorbridge.com/blog/what-is-the-most-appropriate-course-of-action-for-a-mentee-who-has-a-conflict-with-a-mentor/,https://www.thetutorbridge.com/blog/what-is-the-most-appropriate-course-of-action-for-a-mentee-who-has-a-conflict-with-a-mentor/
https://thetutorbridge.com/blog/how-to-study-the-bible/,https://www.thetutorbridge.com/blog/how-to-study-the-bible/
https://thetutorbridge.com/blog/what-is-range-in-math/,https://www.thetutorbridge.com/blog/what-is-range-in-math/
https://thetutorbridge.com/blog/what-does-product-mean-in-math/,https://www.thetutorbridge.com/blog/what-does-product-mean-in-math/
https://thetutorbridge.com/blog/why-did-mendel-study-pea-plants/,https://www.thetutorbridge.com/blog/why-did-mendel-study-pea-plants/
https://thetutorbridge.com/blog/how-to-study-for-the-lsat/,https://www.thetutorbridge.com/blog/how-to-study-for-the-lsat/
https://thetutorbridge.com/blog/which-of-these-statements-was-implied-by-the-decision-in-brown-v-board-of-education/,https://www.thetutorbridge.com/blog/which-of-these-statements-was-implied-by-the-decision-in-brown-v-board-of-education/
https://thetutorbridge.com/blog/who-invented-math/,https://www.thetutorbridge.com/blog/who-invented-math/
https://thetutorbridge.com/blog/what-education-is-needed-to-become-a-lawyer/,https://www.thetutorbridge.com/blog/what-education-is-needed-to-become-a-lawyer/
https://thetutorbridge.com/blog/what-is-graduate-level-education/,https://www.thetutorbridge.com/blog/what-is-graduate-level-education/
https://thetutorbridge.com/blog/what-does-secondary-education-mean/,https://www.thetutorbridge.com/blog/what-does-secondary-education-mean/
https://thetutorbridge.com/blog/what-is-an-education-specialist/,https://www.thetutorbridge.com/blog/what-is-an-education-specialist/
https://thetutorbridge.com/blog/boss-lady-quotes/,https://www.thetutorbridge.com/blog/boss-lady-quotes/
https://thetutorbridge.com/blog/positive-quotes-for-students/,https://www.thetutorbridge.com/blog/positive-quotes-for-students/
https://thetutorbridge.com/blog/graduation-quotes/,https://www.thetutorbridge.com/blog/graduation-quotes/
https://thetutorbridge.com/blog/hurt-karma-quotes/,https://www.thetutorbridge.com/blog/hurt-karma-quotes/
https://thetutorbridge.com/blog/free-ai-humanizers/,https://www.thetutorbridge.com/blog/free-ai-humanizers/
https://thetutorbridge.com/blog/blood-is-thicker-than-water/,https://www.thetutorbridge.com/blog/blood-is-thicker-than-water/
https://thetutorbridge.com/blog/happy-birthday-wishes/,https://www.thetutorbridge.com/blog/happy-birthday-wishes/
https://thetutorbridge.com/blog/incorrect-quote-meaning-usage-and-tools/,https://www.thetutorbridge.com/blog/incorrect-quote-meaning-usage-and-tools/
https://thetutorbridge.com/blog/who-is-the-father-of-math/,https://www.thetutorbridge.com/blog/who-is-the-father-of-math/
https://thetutorbridge.com/blog/why-is-paryushan-parv-celebrated/,https://www.thetutorbridge.com/blog/why-is-paryushan-parv-celebrated/
https://thetutorbridge.com/blog/how-to-stop-watching-porn/,https://www.thetutorbridge.com/blog/how-to-stop-watching-porn/
https://thetutorbridge.com/blog/know-all-about-parakeet/,https://www.thetutorbridge.com/blog/know-all-about-parakeet/
